{"update_id":596166522,
"message":{"message_id":67,"from":{"id":595339826,"is_bot":false,"first_name":"\ud83c\udf21\ufe0f Aminu Bil","last_name":"Huda \ud83c\udf21\ufe0f","username":"aminubilhuda","language_code":"id"},"chat":{"id":595339826,"first_name":"\ud83c\udf21\ufe0f Aminu Bil","last_name":"Huda \ud83c\udf21\ufe0f","username":"aminubilhuda","type":"private"},"date":1716542866,"text":"/tgl_mid","entities":[{"offset":0,"length":8,"type":"bot_command"}]}}{"update_id":596166523,
"message":{"message_id":69,"from":{"id":595339826,"is_bot":false,"first_name":"\ud83c\udf21\ufe0f Aminu Bil","last_name":"Huda \ud83c\udf21\ufe0f","username":"aminubilhuda","language_code":"id"},"chat":{"id":595339826,"first_name":"\ud83c\udf21\ufe0f Aminu Bil","last_name":"Huda \ud83c\udf21\ufe0f","username":"aminubilhuda","type":"private"},"date":1716542906,"text":"/help","entities":[{"offset":0,"length":5,"type":"bot_command"}]}}{"update_id":596166524,
"message":{"message_id":71,"from":{"id":595339826,"is_bot":false,"first_name":"\ud83c\udf21\ufe0f Aminu Bil","last_name":"Huda \ud83c\udf21\ufe0f","username":"aminubilhuda","language_code":"id"},"chat":{"id":595339826,"first_name":"\ud83c\udf21\ufe0f Aminu Bil","last_name":"Huda \ud83c\udf21\ufe0f","username":"aminubilhuda","type":"private"},"date":1716542922,"text":"/help","entities":[{"offset":0,"length":5,"type":"bot_command"}]}}{"update_id":596166525,
"message":{"message_id":73,"from":{"id":595339826,"is_bot":false,"first_name":"\ud83c\udf21\ufe0f Aminu Bil","last_name":"Huda \ud83c\udf21\ufe0f","username":"aminubilhuda","language_code":"id"},"chat":{"id":595339826,"first_name":"\ud83c\udf21\ufe0f Aminu Bil","last_name":"Huda \ud83c\udf21\ufe0f","username":"aminubilhuda","type":"private"},"date":1716542986,"text":"/data","entities":[{"offset":0,"length":5,"type":"bot_command"}]}}{"update_id":596166526,
"message":{"message_id":75,"from":{"id":595339826,"is_bot":false,"first_name":"\ud83c\udf21\ufe0f Aminu Bil","last_name":"Huda \ud83c\udf21\ufe0f","username":"aminubilhuda","language_code":"id"},"chat":{"id":595339826,"first_name":"\ud83c\udf21\ufe0f Aminu Bil","last_name":"Huda \ud83c\udf21\ufe0f","username":"aminubilhuda","type":"private"},"date":1716543017,"text":"/tgl_as","entities":[{"offset":0,"length":7,"type":"bot_command"}]}}{"update_id":596166527,
"message":{"message_id":77,"from":{"id":595339826,"is_bot":false,"first_name":"\ud83c\udf21\ufe0f Aminu Bil","last_name":"Huda \ud83c\udf21\ufe0f","username":"aminubilhuda","language_code":"id"},"chat":{"id":595339826,"first_name":"\ud83c\udf21\ufe0f Aminu Bil","last_name":"Huda \ud83c\udf21\ufe0f","username":"aminubilhuda","type":"private"},"date":1716543077,"text":"/help","entities":[{"offset":0,"length":5,"type":"bot_command"}]}}{"update_id":596166528,
"message":{"message_id":79,"from":{"id":595339826,"is_bot":false,"first_name":"\ud83c\udf21\ufe0f Aminu Bil","last_name":"Huda \ud83c\udf21\ufe0f","username":"aminubilhuda","language_code":"id"},"chat":{"id":595339826,"first_name":"\ud83c\udf21\ufe0f Aminu Bil","last_name":"Huda \ud83c\udf21\ufe0f","username":"aminubilhuda","type":"private"},"date":1716543080,"text":"/tgl_mid","entities":[{"offset":0,"length":8,"type":"bot_command"}]}}{"update_id":596166529,
"message":{"message_id":81,"from":{"id":595339826,"is_bot":false,"first_name":"\ud83c\udf21\ufe0f Aminu Bil","last_name":"Huda \ud83c\udf21\ufe0f","username":"aminubilhuda","language_code":"id"},"chat":{"id":595339826,"first_name":"\ud83c\udf21\ufe0f Aminu Bil","last_name":"Huda \ud83c\udf21\ufe0f","username":"aminubilhuda","type":"private"},"date":1716543084,"text":"/tgl_as","entities":[{"offset":0,"length":7,"type":"bot_command"}]}}{"update_id":596166530,
"message":{"message_id":83,"from":{"id":595339826,"is_bot":false,"first_name":"\ud83c\udf21\ufe0f Aminu Bil","last_name":"Huda \ud83c\udf21\ufe0f","username":"aminubilhuda","language_code":"id"},"chat":{"id":595339826,"first_name":"\ud83c\udf21\ufe0f Aminu Bil","last_name":"Huda \ud83c\udf21\ufe0f","username":"aminubilhuda","type":"private"},"date":1716543089,"text":"/kelas_ku","entities":[{"offset":0,"length":9,"type":"bot_command"}]}}{"update_id":596166531,
"message":{"message_id":85,"from":{"id":595339826,"is_bot":false,"first_name":"\ud83c\udf21\ufe0f Aminu Bil","last_name":"Huda \ud83c\udf21\ufe0f","username":"aminubilhuda","language_code":"id"},"chat":{"id":595339826,"first_name":"\ud83c\udf21\ufe0f Aminu Bil","last_name":"Huda \ud83c\udf21\ufe0f","username":"aminubilhuda","type":"private"},"date":1716543158,"text":"/help","entities":[{"offset":0,"length":5,"type":"bot_command"}]}}{"update_id":596166532,
"message":{"message_id":87,"from":{"id":595339826,"is_bot":false,"first_name":"\ud83c\udf21\ufe0f Aminu Bil","last_name":"Huda \ud83c\udf21\ufe0f","username":"aminubilhuda","language_code":"id"},"chat":{"id":595339826,"first_name":"\ud83c\udf21\ufe0f Aminu Bil","last_name":"Huda \ud83c\udf21\ufe0f","username":"aminubilhuda","type":"private"},"date":1716543230,"text":"/start","entities":[{"offset":0,"length":6,"type":"bot_command"}]}}{"update_id":596166533,
"message":{"message_id":89,"from":{"id":595339826,"is_bot":false,"first_name":"\ud83c\udf21\ufe0f Aminu Bil","last_name":"Huda \ud83c\udf21\ufe0f","username":"aminubilhuda","language_code":"id"},"chat":{"id":595339826,"first_name":"\ud83c\udf21\ufe0f Aminu Bil","last_name":"Huda \ud83c\udf21\ufe0f","username":"aminubilhuda","type":"private"},"date":1716543237,"text":"/help","entities":[{"offset":0,"length":5,"type":"bot_command"}]}}{"update_id":596166534,
"message":{"message_id":91,"from":{"id":595339826,"is_bot":false,"first_name":"\ud83c\udf21\ufe0f Aminu Bil","last_name":"Huda \ud83c\udf21\ufe0f","username":"aminubilhuda","language_code":"id"},"chat":{"id":595339826,"first_name":"\ud83c\udf21\ufe0f Aminu Bil","last_name":"Huda \ud83c\udf21\ufe0f","username":"aminubilhuda","type":"private"},"date":1716543246,"text":"/tgl_mid","entities":[{"offset":0,"length":8,"type":"bot_command"}]}}{"update_id":596166535,
"message":{"message_id":93,"from":{"id":595339826,"is_bot":false,"first_name":"\ud83c\udf21\ufe0f Aminu Bil","last_name":"Huda \ud83c\udf21\ufe0f","username":"aminubilhuda","language_code":"id"},"chat":{"id":595339826,"first_name":"\ud83c\udf21\ufe0f Aminu Bil","last_name":"Huda \ud83c\udf21\ufe0f","username":"aminubilhuda","type":"private"},"date":1716543250,"text":"/tgl_as","entities":[{"offset":0,"length":7,"type":"bot_command"}]}}{"update_id":596166536,
"message":{"message_id":95,"from":{"id":595339826,"is_bot":false,"first_name":"\ud83c\udf21\ufe0f Aminu Bil","last_name":"Huda \ud83c\udf21\ufe0f","username":"aminubilhuda","language_code":"id"},"chat":{"id":595339826,"first_name":"\ud83c\udf21\ufe0f Aminu Bil","last_name":"Huda \ud83c\udf21\ufe0f","username":"aminubilhuda","type":"private"},"date":1716543254,"text":"/kelas_ku","entities":[{"offset":0,"length":9,"type":"bot_command"}]}}{"update_id":596166537,
"message":{"message_id":97,"from":{"id":595339826,"is_bot":false,"first_name":"\ud83c\udf21\ufe0f Aminu Bil","last_name":"Huda \ud83c\udf21\ufe0f","username":"aminubilhuda","language_code":"id"},"chat":{"id":595339826,"first_name":"\ud83c\udf21\ufe0f Aminu Bil","last_name":"Huda \ud83c\udf21\ufe0f","username":"aminubilhuda","type":"private"},"date":1716544726,"text":"/help","entities":[{"offset":0,"length":5,"type":"bot_command"}]}}{"update_id":596166538,
"message":{"message_id":99,"from":{"id":595339826,"is_bot":false,"first_name":"\ud83c\udf21\ufe0f Aminu Bil","last_name":"Huda \ud83c\udf21\ufe0f","username":"aminubilhuda","language_code":"id"},"chat":{"id":595339826,"first_name":"\ud83c\udf21\ufe0f Aminu Bil","last_name":"Huda \ud83c\udf21\ufe0f","username":"aminubilhuda","type":"private"},"date":1716544765,"text":"/kelas_ku","entities":[{"offset":0,"length":9,"type":"bot_command"}]}}{"update_id":596166539,
"message":{"message_id":101,"from":{"id":595339826,"is_bot":false,"first_name":"\ud83c\udf21\ufe0f Aminu Bil","last_name":"Huda \ud83c\udf21\ufe0f","username":"aminubilhuda","language_code":"id"},"chat":{"id":595339826,"first_name":"\ud83c\udf21\ufe0f Aminu Bil","last_name":"Huda \ud83c\udf21\ufe0f","username":"aminubilhuda","type":"private"},"date":1716544840,"text":"/kelas_ku","entities":[{"offset":0,"length":9,"type":"bot_command"}]}}{"update_id":596166540,
"message":{"message_id":103,"from":{"id":595339826,"is_bot":false,"first_name":"\ud83c\udf21\ufe0f Aminu Bil","last_name":"Huda \ud83c\udf21\ufe0f","username":"aminubilhuda","language_code":"id"},"chat":{"id":595339826,"first_name":"\ud83c\udf21\ufe0f Aminu Bil","last_name":"Huda \ud83c\udf21\ufe0f","username":"aminubilhuda","type":"private"},"date":1716544870,"text":"/kelas_ku","entities":[{"offset":0,"length":9,"type":"bot_command"}]}}{"update_id":596166541,
"message":{"message_id":105,"from":{"id":595339826,"is_bot":false,"first_name":"\ud83c\udf21\ufe0f Aminu Bil","last_name":"Huda \ud83c\udf21\ufe0f","username":"aminubilhuda","language_code":"id"},"chat":{"id":595339826,"first_name":"\ud83c\udf21\ufe0f Aminu Bil","last_name":"Huda \ud83c\udf21\ufe0f","username":"aminubilhuda","type":"private"},"date":1716545088,"text":"/kelas_ku","entities":[{"offset":0,"length":9,"type":"bot_command"}]}}{"update_id":596166542,
"message":{"message_id":107,"from":{"id":595339826,"is_bot":false,"first_name":"\ud83c\udf21\ufe0f Aminu Bil","last_name":"Huda \ud83c\udf21\ufe0f","username":"aminubilhuda","language_code":"id"},"chat":{"id":595339826,"first_name":"\ud83c\udf21\ufe0f Aminu Bil","last_name":"Huda \ud83c\udf21\ufe0f","username":"aminubilhuda","type":"private"},"date":1716545118,"text":"/kelas_ku","entities":[{"offset":0,"length":9,"type":"bot_command"}]}}{"update_id":596166543,
"message":{"message_id":109,"from":{"id":595339826,"is_bot":false,"first_name":"\ud83c\udf21\ufe0f Aminu Bil","last_name":"Huda \ud83c\udf21\ufe0f","username":"aminubilhuda","language_code":"id"},"chat":{"id":595339826,"first_name":"\ud83c\udf21\ufe0f Aminu Bil","last_name":"Huda \ud83c\udf21\ufe0f","username":"aminubilhuda","type":"private"},"date":1716545433,"text":"/kelas_ku","entities":[{"offset":0,"length":9,"type":"bot_command"}]}}{"update_id":596166544,
"message":{"message_id":111,"from":{"id":595339826,"is_bot":false,"first_name":"\ud83c\udf21\ufe0f Aminu Bil","last_name":"Huda \ud83c\udf21\ufe0f","username":"aminubilhuda","language_code":"id"},"chat":{"id":595339826,"first_name":"\ud83c\udf21\ufe0f Aminu Bil","last_name":"Huda \ud83c\udf21\ufe0f","username":"aminubilhuda","type":"private"},"date":1716545551,"text":"/kelas_ku","entities":[{"offset":0,"length":9,"type":"bot_command"}]}}{"update_id":596166545,
"message":{"message_id":113,"from":{"id":595339826,"is_bot":false,"first_name":"\ud83c\udf21\ufe0f Aminu Bil","last_name":"Huda \ud83c\udf21\ufe0f","username":"aminubilhuda","language_code":"id"},"chat":{"id":595339826,"first_name":"\ud83c\udf21\ufe0f Aminu Bil","last_name":"Huda \ud83c\udf21\ufe0f","username":"aminubilhuda","type":"private"},"date":1716545579,"text":"/kelas_ku","entities":[{"offset":0,"length":9,"type":"bot_command"}]}}{"update_id":596166546,
"message":{"message_id":115,"from":{"id":595339826,"is_bot":false,"first_name":"\ud83c\udf21\ufe0f Aminu Bil","last_name":"Huda \ud83c\udf21\ufe0f","username":"aminubilhuda","language_code":"id"},"chat":{"id":595339826,"first_name":"\ud83c\udf21\ufe0f Aminu Bil","last_name":"Huda \ud83c\udf21\ufe0f","username":"aminubilhuda","type":"private"},"date":1716545598,"text":"/kelas_ku","entities":[{"offset":0,"length":9,"type":"bot_command"}]}}{"update_id":596166547,
"message":{"message_id":117,"from":{"id":595339826,"is_bot":false,"first_name":"\ud83c\udf21\ufe0f Aminu Bil","last_name":"Huda \ud83c\udf21\ufe0f","username":"aminubilhuda","language_code":"id"},"chat":{"id":595339826,"first_name":"\ud83c\udf21\ufe0f Aminu Bil","last_name":"Huda \ud83c\udf21\ufe0f","username":"aminubilhuda","type":"private"},"date":1716545771,"text":"/kelas_ku","entities":[{"offset":0,"length":9,"type":"bot_command"}]}}{"update_id":596166548,
"message":{"message_id":119,"from":{"id":595339826,"is_bot":false,"first_name":"\ud83c\udf21\ufe0f Aminu Bil","last_name":"Huda \ud83c\udf21\ufe0f","username":"aminubilhuda","language_code":"id"},"chat":{"id":595339826,"first_name":"\ud83c\udf21\ufe0f Aminu Bil","last_name":"Huda \ud83c\udf21\ufe0f","username":"aminubilhuda","type":"private"},"date":1716546094,"text":"/kelas_ku","entities":[{"offset":0,"length":9,"type":"bot_command"}]}}{"update_id":596166549,
"message":{"message_id":121,"from":{"id":595339826,"is_bot":false,"first_name":"\ud83c\udf21\ufe0f Aminu Bil","last_name":"Huda \ud83c\udf21\ufe0f","username":"aminubilhuda","language_code":"id"},"chat":{"id":595339826,"first_name":"\ud83c\udf21\ufe0f Aminu Bil","last_name":"Huda \ud83c\udf21\ufe0f","username":"aminubilhuda","type":"private"},"date":1716546125,"text":"/kelas_ku","entities":[{"offset":0,"length":9,"type":"bot_command"}]}}{"update_id":596166550,
"message":{"message_id":123,"from":{"id":595339826,"is_bot":false,"first_name":"\ud83c\udf21\ufe0f Aminu Bil","last_name":"Huda \ud83c\udf21\ufe0f","username":"aminubilhuda","language_code":"id"},"chat":{"id":595339826,"first_name":"\ud83c\udf21\ufe0f Aminu Bil","last_name":"Huda \ud83c\udf21\ufe0f","username":"aminubilhuda","type":"private"},"date":1716546259,"text":"/kelas_ku","entities":[{"offset":0,"length":9,"type":"bot_command"}]}}{"update_id":596166551,
"message":{"message_id":125,"from":{"id":595339826,"is_bot":false,"first_name":"\ud83c\udf21\ufe0f Aminu Bil","last_name":"Huda \ud83c\udf21\ufe0f","username":"aminubilhuda","language_code":"id"},"chat":{"id":595339826,"first_name":"\ud83c\udf21\ufe0f Aminu Bil","last_name":"Huda \ud83c\udf21\ufe0f","username":"aminubilhuda","type":"private"},"date":1716546387,"text":"/kelas_ku","entities":[{"offset":0,"length":9,"type":"bot_command"}]}}{"update_id":596166552,
"message":{"message_id":127,"from":{"id":595339826,"is_bot":false,"first_name":"\ud83c\udf21\ufe0f Aminu Bil","last_name":"Huda \ud83c\udf21\ufe0f","username":"aminubilhuda","language_code":"id"},"chat":{"id":595339826,"first_name":"\ud83c\udf21\ufe0f Aminu Bil","last_name":"Huda \ud83c\udf21\ufe0f","username":"aminubilhuda","type":"private"},"date":1716546417,"text":"/kelas_ku","entities":[{"offset":0,"length":9,"type":"bot_command"}]}}{"update_id":596166553,
"message":{"message_id":129,"from":{"id":595339826,"is_bot":false,"first_name":"\ud83c\udf21\ufe0f Aminu Bil","last_name":"Huda \ud83c\udf21\ufe0f","username":"aminubilhuda","language_code":"id"},"chat":{"id":595339826,"first_name":"\ud83c\udf21\ufe0f Aminu Bil","last_name":"Huda \ud83c\udf21\ufe0f","username":"aminubilhuda","type":"private"},"date":1716546432,"text":"/kelas_ku","entities":[{"offset":0,"length":9,"type":"bot_command"}]}}{"update_id":596166554,
"message":{"message_id":131,"from":{"id":595339826,"is_bot":false,"first_name":"\ud83c\udf21\ufe0f Aminu Bil","last_name":"Huda \ud83c\udf21\ufe0f","username":"aminubilhuda","language_code":"id"},"chat":{"id":595339826,"first_name":"\ud83c\udf21\ufe0f Aminu Bil","last_name":"Huda \ud83c\udf21\ufe0f","username":"aminubilhuda","type":"private"},"date":1716546565,"text":"/kelas_ku","entities":[{"offset":0,"length":9,"type":"bot_command"}]}}{"update_id":596166555,
"message":{"message_id":133,"from":{"id":595339826,"is_bot":false,"first_name":"\ud83c\udf21\ufe0f Aminu Bil","last_name":"Huda \ud83c\udf21\ufe0f","username":"aminubilhuda","language_code":"id"},"chat":{"id":595339826,"first_name":"\ud83c\udf21\ufe0f Aminu Bil","last_name":"Huda \ud83c\udf21\ufe0f","username":"aminubilhuda","type":"private"},"date":1716547096,"text":"/kelas_ku","entities":[{"offset":0,"length":9,"type":"bot_command"}]}}{"update_id":596166556,
"message":{"message_id":135,"from":{"id":595339826,"is_bot":false,"first_name":"\ud83c\udf21\ufe0f Aminu Bil","last_name":"Huda \ud83c\udf21\ufe0f","username":"aminubilhuda","language_code":"id"},"chat":{"id":595339826,"first_name":"\ud83c\udf21\ufe0f Aminu Bil","last_name":"Huda \ud83c\udf21\ufe0f","username":"aminubilhuda","type":"private"},"date":1716547107,"text":"/kelas_ku","entities":[{"offset":0,"length":9,"type":"bot_command"}]}}{"update_id":596166557,
"message":{"message_id":137,"from":{"id":595339826,"is_bot":false,"first_name":"\ud83c\udf21\ufe0f Aminu Bil","last_name":"Huda \ud83c\udf21\ufe0f","username":"aminubilhuda","language_code":"id"},"chat":{"id":595339826,"first_name":"\ud83c\udf21\ufe0f Aminu Bil","last_name":"Huda \ud83c\udf21\ufe0f","username":"aminubilhuda","type":"private"},"date":1716547156,"text":"/kelas_ku","entities":[{"offset":0,"length":9,"type":"bot_command"}]}}{"update_id":596166558,
"message":{"message_id":139,"from":{"id":595339826,"is_bot":false,"first_name":"\ud83c\udf21\ufe0f Aminu Bil","last_name":"Huda \ud83c\udf21\ufe0f","username":"aminubilhuda","language_code":"id"},"chat":{"id":595339826,"first_name":"\ud83c\udf21\ufe0f Aminu Bil","last_name":"Huda \ud83c\udf21\ufe0f","username":"aminubilhuda","type":"private"},"date":1716547185,"text":"/kelas_ku","entities":[{"offset":0,"length":9,"type":"bot_command"}]}}{"update_id":596166559,
"message":{"message_id":141,"from":{"id":595339826,"is_bot":false,"first_name":"\ud83c\udf21\ufe0f Aminu Bil","last_name":"Huda \ud83c\udf21\ufe0f","username":"aminubilhuda","language_code":"id"},"chat":{"id":595339826,"first_name":"\ud83c\udf21\ufe0f Aminu Bil","last_name":"Huda \ud83c\udf21\ufe0f","username":"aminubilhuda","type":"private"},"date":1716547212,"text":"/kelas_ku","entities":[{"offset":0,"length":9,"type":"bot_command"}]}}{"update_id":596166560,
"message":{"message_id":143,"from":{"id":595339826,"is_bot":false,"first_name":"\ud83c\udf21\ufe0f Aminu Bil","last_name":"Huda \ud83c\udf21\ufe0f","username":"aminubilhuda","language_code":"id"},"chat":{"id":595339826,"first_name":"\ud83c\udf21\ufe0f Aminu Bil","last_name":"Huda \ud83c\udf21\ufe0f","username":"aminubilhuda","type":"private"},"date":1716547408,"text":"/kelas_ku","entities":[{"offset":0,"length":9,"type":"bot_command"}]}}{"update_id":596166561,
"message":{"message_id":144,"from":{"id":595339826,"is_bot":false,"first_name":"\ud83c\udf21\ufe0f Aminu Bil","last_name":"Huda \ud83c\udf21\ufe0f","username":"aminubilhuda","language_code":"id"},"chat":{"id":595339826,"first_name":"\ud83c\udf21\ufe0f Aminu Bil","last_name":"Huda \ud83c\udf21\ufe0f","username":"aminubilhuda","type":"private"},"date":1716547467,"text":"/kelas_ku","entities":[{"offset":0,"length":9,"type":"bot_command"}]}}{"update_id":596166562,
"message":{"message_id":146,"from":{"id":595339826,"is_bot":false,"first_name":"\ud83c\udf21\ufe0f Aminu Bil","last_name":"Huda \ud83c\udf21\ufe0f","username":"aminubilhuda","language_code":"id"},"chat":{"id":595339826,"first_name":"\ud83c\udf21\ufe0f Aminu Bil","last_name":"Huda \ud83c\udf21\ufe0f","username":"aminubilhuda","type":"private"},"date":1716547492,"text":"/kelas_ku","entities":[{"offset":0,"length":9,"type":"bot_command"}]}}{"update_id":596166563,
"message":{"message_id":148,"from":{"id":595339826,"is_bot":false,"first_name":"\ud83c\udf21\ufe0f Aminu Bil","last_name":"Huda \ud83c\udf21\ufe0f","username":"aminubilhuda","language_code":"id"},"chat":{"id":595339826,"first_name":"\ud83c\udf21\ufe0f Aminu Bil","last_name":"Huda \ud83c\udf21\ufe0f","username":"aminubilhuda","type":"private"},"date":1716547538,"text":"/kelas_ku","entities":[{"offset":0,"length":9,"type":"bot_command"}]}}{"update_id":596166564,
"message":{"message_id":150,"from":{"id":595339826,"is_bot":false,"first_name":"\ud83c\udf21\ufe0f Aminu Bil","last_name":"Huda \ud83c\udf21\ufe0f","username":"aminubilhuda","language_code":"id"},"chat":{"id":595339826,"first_name":"\ud83c\udf21\ufe0f Aminu Bil","last_name":"Huda \ud83c\udf21\ufe0f","username":"aminubilhuda","type":"private"},"date":1716547809,"text":"/kelas_ku","entities":[{"offset":0,"length":9,"type":"bot_command"}]}}{"update_id":596166565,
"message":{"message_id":152,"from":{"id":595339826,"is_bot":false,"first_name":"\ud83c\udf21\ufe0f Aminu Bil","last_name":"Huda \ud83c\udf21\ufe0f","username":"aminubilhuda","language_code":"id"},"chat":{"id":595339826,"first_name":"\ud83c\udf21\ufe0f Aminu Bil","last_name":"Huda \ud83c\udf21\ufe0f","username":"aminubilhuda","type":"private"},"date":1716548044,"text":"/help","entities":[{"offset":0,"length":5,"type":"bot_command"}]}}{"update_id":596166566,
"message":{"message_id":154,"from":{"id":595339826,"is_bot":false,"first_name":"\ud83c\udf21\ufe0f Aminu Bil","last_name":"Huda \ud83c\udf21\ufe0f","username":"aminubilhuda","language_code":"id"},"chat":{"id":595339826,"first_name":"\ud83c\udf21\ufe0f Aminu Bil","last_name":"Huda \ud83c\udf21\ufe0f","username":"aminubilhuda","type":"private"},"date":1716548048,"text":"/tgl_mid","entities":[{"offset":0,"length":8,"type":"bot_command"}]}}{"update_id":596166567,
"message":{"message_id":156,"from":{"id":595339826,"is_bot":false,"first_name":"\ud83c\udf21\ufe0f Aminu Bil","last_name":"Huda \ud83c\udf21\ufe0f","username":"aminubilhuda","language_code":"id"},"chat":{"id":595339826,"first_name":"\ud83c\udf21\ufe0f Aminu Bil","last_name":"Huda \ud83c\udf21\ufe0f","username":"aminubilhuda","type":"private"},"date":1716548051,"text":"/tgl_as","entities":[{"offset":0,"length":7,"type":"bot_command"}]}}{"update_id":596166568,
"message":{"message_id":158,"from":{"id":595339826,"is_bot":false,"first_name":"\ud83c\udf21\ufe0f Aminu Bil","last_name":"Huda \ud83c\udf21\ufe0f","username":"aminubilhuda","language_code":"id"},"chat":{"id":595339826,"first_name":"\ud83c\udf21\ufe0f Aminu Bil","last_name":"Huda \ud83c\udf21\ufe0f","username":"aminubilhuda","type":"private"},"date":1716548054,"text":"/kelas_ku","entities":[{"offset":0,"length":9,"type":"bot_command"}]}}{"update_id":596166569,
"message":{"message_id":160,"from":{"id":595339826,"is_bot":false,"first_name":"\ud83c\udf21\ufe0f Aminu Bil","last_name":"Huda \ud83c\udf21\ufe0f","username":"aminubilhuda","language_code":"id"},"chat":{"id":595339826,"first_name":"\ud83c\udf21\ufe0f Aminu Bil","last_name":"Huda \ud83c\udf21\ufe0f","username":"aminubilhuda","type":"private"},"date":1716548074,"text":"/tgl_mid","entities":[{"offset":0,"length":8,"type":"bot_command"}]}}{"update_id":596166570,
"message":{"message_id":162,"from":{"id":595339826,"is_bot":false,"first_name":"\ud83c\udf21\ufe0f Aminu Bil","last_name":"Huda \ud83c\udf21\ufe0f","username":"aminubilhuda","language_code":"id"},"chat":{"id":595339826,"first_name":"\ud83c\udf21\ufe0f Aminu Bil","last_name":"Huda \ud83c\udf21\ufe0f","username":"aminubilhuda","type":"private"},"date":1716549281,"text":"/kelas_ku","entities":[{"offset":0,"length":9,"type":"bot_command"}]}}{"update_id":596166571,
"message":{"message_id":164,"from":{"id":595339826,"is_bot":false,"first_name":"\ud83c\udf21\ufe0f Aminu Bil","last_name":"Huda \ud83c\udf21\ufe0f","username":"aminubilhuda","language_code":"id"},"chat":{"id":595339826,"first_name":"\ud83c\udf21\ufe0f Aminu Bil","last_name":"Huda \ud83c\udf21\ufe0f","username":"aminubilhuda","type":"private"},"date":1716549319,"text":"/help","entities":[{"offset":0,"length":5,"type":"bot_command"}]}}{"update_id":596166572,
"message":{"message_id":166,"from":{"id":595339826,"is_bot":false,"first_name":"\ud83c\udf21\ufe0f Aminu Bil","last_name":"Huda \ud83c\udf21\ufe0f","username":"aminubilhuda","language_code":"id"},"chat":{"id":595339826,"first_name":"\ud83c\udf21\ufe0f Aminu Bil","last_name":"Huda \ud83c\udf21\ufe0f","username":"aminubilhuda","type":"private"},"date":1716549325,"text":"/start","entities":[{"offset":0,"length":6,"type":"bot_command"}]}}{"update_id":596166573,
"message":{"message_id":168,"from":{"id":595339826,"is_bot":false,"first_name":"\ud83c\udf21\ufe0f Aminu Bil","last_name":"Huda \ud83c\udf21\ufe0f","username":"aminubilhuda","language_code":"id"},"chat":{"id":595339826,"first_name":"\ud83c\udf21\ufe0f Aminu Bil","last_name":"Huda \ud83c\udf21\ufe0f","username":"aminubilhuda","type":"private"},"date":1716549329,"text":"/help","entities":[{"offset":0,"length":5,"type":"bot_command"}]}}{"update_id":596166574,
"message":{"message_id":170,"from":{"id":595339826,"is_bot":false,"first_name":"\ud83c\udf21\ufe0f Aminu Bil","last_name":"Huda \ud83c\udf21\ufe0f","username":"aminubilhuda","language_code":"id"},"chat":{"id":595339826,"first_name":"\ud83c\udf21\ufe0f Aminu Bil","last_name":"Huda \ud83c\udf21\ufe0f","username":"aminubilhuda","type":"private"},"date":1716549331,"text":"/tgl_mid","entities":[{"offset":0,"length":8,"type":"bot_command"}]}}{"update_id":596166575,
"message":{"message_id":171,"from":{"id":595339826,"is_bot":false,"first_name":"\ud83c\udf21\ufe0f Aminu Bil","last_name":"Huda \ud83c\udf21\ufe0f","username":"aminubilhuda","language_code":"id"},"chat":{"id":595339826,"first_name":"\ud83c\udf21\ufe0f Aminu Bil","last_name":"Huda \ud83c\udf21\ufe0f","username":"aminubilhuda","type":"private"},"date":1716549332,"text":"/tgl_as","entities":[{"offset":0,"length":7,"type":"bot_command"}]}}{"update_id":596166576,
"message":{"message_id":172,"from":{"id":595339826,"is_bot":false,"first_name":"\ud83c\udf21\ufe0f Aminu Bil","last_name":"Huda \ud83c\udf21\ufe0f","username":"aminubilhuda","language_code":"id"},"chat":{"id":595339826,"first_name":"\ud83c\udf21\ufe0f Aminu Bil","last_name":"Huda \ud83c\udf21\ufe0f","username":"aminubilhuda","type":"private"},"date":1716549333,"text":"/kelas_ku","entities":[{"offset":0,"length":9,"type":"bot_command"}]}}{"update_id":596166577,
"message":{"message_id":176,"from":{"id":595339826,"is_bot":false,"first_name":"\ud83c\udf21\ufe0f Aminu Bil","last_name":"Huda \ud83c\udf21\ufe0f","username":"aminubilhuda","language_code":"id"},"chat":{"id":595339826,"first_name":"\ud83c\udf21\ufe0f Aminu Bil","last_name":"Huda \ud83c\udf21\ufe0f","username":"aminubilhuda","type":"private"},"date":1716549818,"text":"/kelas_ku","entities":[{"offset":0,"length":9,"type":"bot_command"}]}}{"update_id":596166578,
"message":{"message_id":178,"from":{"id":595339826,"is_bot":false,"first_name":"\ud83c\udf21\ufe0f Aminu Bil","last_name":"Huda \ud83c\udf21\ufe0f","username":"aminubilhuda","language_code":"id"},"chat":{"id":595339826,"first_name":"\ud83c\udf21\ufe0f Aminu Bil","last_name":"Huda \ud83c\udf21\ufe0f","username":"aminubilhuda","type":"private"},"date":1716549827,"text":"/help","entities":[{"offset":0,"length":5,"type":"bot_command"}]}}{"update_id":596166579,
"message":{"message_id":180,"from":{"id":595339826,"is_bot":false,"first_name":"\ud83c\udf21\ufe0f Aminu Bil","last_name":"Huda \ud83c\udf21\ufe0f","username":"aminubilhuda","language_code":"id"},"chat":{"id":595339826,"first_name":"\ud83c\udf21\ufe0f Aminu Bil","last_name":"Huda \ud83c\udf21\ufe0f","username":"aminubilhuda","type":"private"},"date":1716549844,"text":"/kelas_ku","entities":[{"offset":0,"length":9,"type":"bot_command"}]}}